﻿Generos
viajes,informática,tecnología,periodismo,filosofía,psicología
economía,religión,fotografía,ciencia
fantasía,economía,biografía,juegos,ensayo
humor,informática,romance,leyendas,tecnología
leyendas,fantasía,historia,investigación,negocios
servicios,periodismo,investigación,thriller,juegos
ficción,viajes,marketing,economía,poesía,biografía
negocios,historia,terror,música,ensayo,psicología
economía,servicios,tecnología,negocios,fantasía,leyendas
poesía,drama,viajes
psicología,cine,biografía
infantil,arte,leyendas,psicología,poesía,relatos
música,viajes,fotografía,política,relatos
religión,servicios,negocios,tecnología,informática
cine,poesía,fantasía
gastronomía,viajes,humor
informática,arte,romance,negocios,fotografía
leyendas,marketing,fantasía
poesía,thriller,arte
ciencia,romance,ficción,educación