﻿Generos
tecnología,juegos,ficción,thriller
informática,servicios,biografía,gastronomía
educación,ensayo
ensayo,fotografía,psicología
periodismo,marketing,fantasía,romance,relatos,deportes
periodismo,investigación,ensayo,economía
cine,humor,educación,drama,gastronomía,policial
thriller,cine,fantasía,policial,música
ficción,gastronomía
filosofía,cultura,cine,psicología,investigación
informática,relatos,ensayo,juegos,periodismo
marketing,relatos
leyendas,juegos
informática,investigación,religión
cine,ciencia,novela,marketing
humor,tecnología
cultura,psicología,moda
cultura,policial,servicios
servicios,ciencia,música,marketing,drama,informática
ciencia,arte
cultura,terror,fotografía,tecnología,drama
cine,ensayo
romance,leyendas,moda
viajes,cultura
fantasía,gastronomía,negocios
arte,servicios
deportes,terror
poesía,fantasía,periodismo,música,novela,política
novela,gastronomía,biografía,leyendas
policial,periodismo,música,ficción,fantasía,cine
deportes,marketing,economía,ensayo,drama,biografía
drama,leyendas,thriller,deportes,viajes
tecnología,drama,investigación
novela,drama,poesía,fotografía
negocios,gastronomía,psicología,policial,historia
educación,drama,relatos
economía,poesía,leyendas
policial,romance
educación,economía,relatos
investigación,relatos,educación,música,romance,infantil
música,historia,servicios,gastronomía,religión,juegos
policial,relatos,tecnología,drama
ficción,investigación,deportes
filosofía,thriller
historia,romance
negocios,cultura,relatos,romance,religión,política
ficción,psicología,infantil,relatos,periodismo,deportes
biografía,ficción
viajes,policial
filosofía,romance,religión,terror,fantasía
fantasía,leyendas,educación,gastronomía
psicología,investigación,economía,ciencia,drama,humor
marketing,filosofía,policial,romance
thriller,filosofía,informática
educación,fantasía,marketing,terror
política,poesía
ensayo,romance,biografía,música
policial,investigación,thriller,poesía,tecnología
tecnología,terror,policial,juegos
educación,poesía,fotografía
filosofía,poesía,novela
moda,ciencia,periodismo
policial,periodismo,servicios,ensayo
novela,drama,historia,infantil
fantasía,tecnología
ensayo,humor,fantasía,drama,novela,marketing
novela,arte,tecnología
arte,informática,relatos,cultura,fotografía
viajes,moda
cultura,arte,ensayo,moda,deportes,poesía
religión,arte,educación,economía,moda,periodismo
investigación,educación,economía,terror
poesía,ensayo,drama,moda,fotografía
gastronomía,informática
relatos,ficción,cine,marketing,drama
arte,infantil,juegos,religión,cine
ficción,cultura,novela,juegos,romance
thriller,policial,deportes,biografía,informática
marketing,deportes,juegos,investigación,política,música
ciencia,cine
psicología,periodismo,viajes,educación
cultura,educación,tecnología,ficción,marketing
política,thriller,drama,cultura
investigación,novela,ensayo,filosofía,religión
educación,historia
ficción,terror,gastronomía,fantasía,historia,cultura
policial,deportes,novela,música,periodismo
relatos,historia,investigación,policial,arte,poesía
música,economía,política
periodismo,ficción,educación,fotografía,fantasía,ciencia
thriller,religión,policial,moda,gastronomía,cultura
política,infantil
arte,marketing,drama,negocios,romance,informática
negocios,ensayo,romance
economía,cine,educación,juegos,viajes,policial
moda,thriller,fotografía,educación,psicología,servicios
política,música,gastronomía,cine,historia
gastronomía,política,deportes,drama
biografía,ciencia,infantil
psicología,humor,cultura,periodismo,thriller
filosofía,cine,historia,humor,negocios,investigación
marketing,ensayo
psicología,cultura,novela,música
biografía,moda
ficción,infantil,periodismo,poesía,filosofía
policial,viajes,marketing
historia,negocios,viajes,terror
política,periodismo
marketing,poesía
política,drama,marketing,cultura,juegos,gastronomía
novela,psicología,deportes,thriller,romance
historia,moda,juegos,investigación
marketing,moda,policial,leyendas,ensayo
religión,biografía,educación,economía,policial,leyendas
romance,ficción,poesía,relatos
humor,policial
relatos,viajes
deportes,relatos,ciencia,negocios,drama
investigación,marketing,periodismo,cine,cultura,psicología
informática,juegos,relatos,ensayo,thriller,marketing
tecnología,humor,filosofía
moda,leyendas
educación,cine,filosofía,infantil,biografía
deportes,música,policial
fantasía,humor,ciencia,negocios
moda,viajes
gastronomía,filosofía,política,investigación,cine,ciencia
romance,economía,filosofía,arte,ensayo
gastronomía,moda,romance
leyendas,biografía,periodismo,humor,ciencia,moda
marketing,thriller,arte
gastronomía,juegos,ensayo
juegos,moda,viajes,poesía,investigación,política
infantil,relatos,thriller,cine,drama
ensayo,ciencia,viajes,infantil
educación,arte,ficción,biografía,infantil,cine
novela,infantil,marketing,ficción,educación
novela,economía,fotografía
historia,economía,filosofía,informática,cultura,negocios
informática,política
historia,investigación,infantil,cine,fotografía
infantil,cine,deportes,economía
fantasía,investigación,humor,viajes,drama
terror,marketing
arte,ficción
arte,viajes,terror,biografía,drama
poesía,religión,economía,infantil,informática,ficción
leyendas,policial,periodismo,moda,marketing
política,filosofía
infantil,leyendas,deportes,juegos
relatos,gastronomía,negocios,novela,marketing,filosofía
fantasía,terror,política,juegos,cultura
religión,juegos,viajes,moda,ciencia
investigación,economía,marketing
política,infantil
moda,poesía,cine,infantil,historia
humor,ficción,investigación,cine
servicios,ciencia,negocios,economía
economía,negocios
biografía,fantasía
economía,informática,deportes,biografía,tecnología
servicios,ciencia,fotografía,novela
ensayo,música,psicología
ficción,música,viajes
relatos,humor,filosofía,historia,romance
biografía,thriller,poesía,economía
filosofía,leyendas,psicología,ficción,negocios,arte
novela,romance,arte,moda,educación
humor,política,investigación,cine,thriller
ciencia,viajes,relatos,marketing,arte,drama
gastronomía,leyendas,viajes,marketing,periodismo
filosofía,cultura,informática,novela
arte,historia
arte,viajes
cultura,historia
deportes,drama,humor
investigación,juegos,fotografía,arte,cultura
educación,policial,negocios
novela,ciencia,poesía,música,leyendas,policial
psicología,religión,fotografía,servicios,biografía
novela,poesía,historia
ensayo,ciencia,moda,negocios,cultura
ensayo,cine
policial,política,thriller,informática,tecnología,moda
religión,leyendas,historia
relatos,servicios
infantil,negocios,moda,ficción,religión
historia,arte,cultura,marketing,policial,infantil
cultura,fotografía,educación,gastronomía
policial,leyendas,historia,fotografía,novela,cine
marketing,ciencia,servicios,economía,política
cine,educación
periodismo,humor,fantasía,juegos,biografía,novela
cultura,periodismo,biografía
deportes,filosofía
terror,ensayo,policial,cine,novela
juegos,educación,ciencia,poesía,religión,thriller
psicología,negocios
leyendas,religión,thriller,gastronomía,psicología,novela
historia,arte,cultura,psicología,ficción,marketing
terror,periodismo,humor
infantil,deportes,policial,thriller,música
relatos,servicios,poesía
cultura,negocios
moda,poesía,religión,drama
biografía,ciencia,infantil
gastronomía,humor,terror
relatos,poesía,thriller,política,psicología
humor,historia,informática,ficción,música
música,humor,religión,terror
thriller,cultura,cine,romance
biografía,cultura,filosofía,terror,policial
música,fotografía,economía,romance,marketing,informática
religión,cultura
periodismo,religión
cine,fantasía
informática,drama,thriller,novela,cultura
romance,infantil,marketing,ciencia,historia
educación,viajes
ensayo,biografía
biografía,terror,política,religión,deportes
policial,psicología,novela
biografía,informática
investigación,viajes
filosofía,leyendas,infantil,tecnología,historia
marketing,poesía,infantil,cultura,romance
arte,marketing,psicología,drama,biografía
marketing,deportes,religión
informática,moda,historia,deportes,tecnología,terror
arte,novela,relatos,filosofía,humor
drama,romance,thriller,leyendas,biografía
ensayo,leyendas
moda,infantil,investigación,fotografía
tecnología,relatos,investigación,biografía,romance,música
negocios,leyendas,política,poesía
historia,investigación,política,cultura,marketing
periodismo,poesía,religión
fotografía,terror,investigación
ciencia,romance,terror
investigación,thriller,relatos,informática,fotografía,filosofía
poesía,arte,gastronomía
informática,leyendas,deportes,cine,servicios,humor
gastronomía,infantil,historia,psicología,ficción,humor
historia,educación,negocios,gastronomía,fotografía,thriller
educación,fotografía,arte,romance,periodismo,cultura
biografía,terror,leyendas
thriller,arte,ensayo
cultura,religión,thriller,relatos,ficción
religión,poesía,romance,servicios,investigación
drama,juegos,fantasía,periodismo,relatos,policial
fotografía,religión,humor,biografía,psicología
religión,policial
negocios,policial,gastronomía,relatos,tecnología
marketing,novela,educación,filosofía,arte
cultura,relatos,marketing
ciencia,gastronomía,juegos,viajes,ficción
marketing,fotografía,psicología,filosofía,investigación
investigación,ficción,novela,viajes
cine,ficción,música,negocios,filosofía
relatos,thriller,psicología,drama,poesía,servicios
psicología,arte,periodismo,investigación,economía
relatos,psicología,periodismo,biografía,moda,thriller
infantil,arte
drama,moda
moda,servicios,fantasía,investigación
relatos,terror,moda
humor,marketing
periodismo,educación,ficción,fantasía
filosofía,policial
ciencia,cine,novela,ficción,psicología
música,fantasía,fotografía
juegos,informática,psicología,moda,arte,periodismo
economía,política,servicios
educación,política,fotografía,tecnología,moda
música,gastronomía,terror
tecnología,deportes,informática,viajes,educación
terror,economía,juegos,poesía,psicología,filosofía
novela,cine,gastronomía
política,música,fotografía,relatos,juegos,ficción
informática,tecnología,infantil,romance,deportes
economía,poesía,humor,policial
música,humor,servicios,periodismo,relatos,viajes
religión,cine,thriller,economía,leyendas,ciencia
moda,policial,arte,música,economía
cine,viajes
gastronomía,negocios
cine,negocios
historia,policial
infantil,ensayo
gastronomía,fotografía,juegos
fotografía,moda
drama,gastronomía,fotografía
arte,cine,informática,romance,negocios
relatos,biografía,fantasía
fantasía,religión,poesía,drama,negocios,periodismo
fotografía,educación,economía,filosofía,gastronomía,leyendas
viajes,gastronomía,educación,investigación
infantil,juegos,deportes,filosofía
arte,cultura,biografía,servicios,economía,poesía
filosofía,negocios
marketing,informática
investigación,deportes,cine
leyendas,filosofía,viajes
romance,juegos
gastronomía,ensayo,poesía
música,política
política,juegos,leyendas,romance,música,ficción
historia,ciencia,fantasía,tecnología,moda
terror,arte,informática
filosofía,viajes,novela,policial
viajes,cine,drama,cultura,servicios,educación
ciencia,informática,deportes,fotografía,economía
ensayo,leyendas
novela,humor,filosofía,drama
romance,cine
informática,viajes,historia
fotografía,viajes,música,humor
romance,cultura
periodismo,economía,arte,viajes,moda,religión
romance,deportes,policial,filosofía,gastronomía
cultura,periodismo,gastronomía
investigación,poesía,cultura
humor,política,servicios
música,ficción,religión,ensayo
policial,educación
filosofía,thriller,moda,terror
investigación,psicología,thriller,informática,juegos,cine
romance,filosofía
informática,romance,fantasía,ficción,thriller
cultura,terror,informática,marketing
novela,investigación,psicología,filosofía,biografía,infantil
música,moda
cine,drama,música,fantasía,relatos
periodismo,ensayo,ficción,relatos,policial,moda
economía,cine
investigación,moda,poesía,viajes,negocios
novela,marketing,ensayo,fotografía,arte,juegos
filosofía,negocios,thriller,romance,ficción,economía
cine,ficción
negocios,tecnología,terror,filosofía,romance
cultura,drama,economía,investigación,humor
educación,filosofía,servicios
música,biografía,humor,deportes,fantasía
romance,cine,deportes,ensayo,informática
servicios,educación,historia,gastronomía,drama,humor
viajes,thriller,fotografía,economía
arte,filosofía
moda,informática,educación,economía
fotografía,tecnología
religión,música,arte,historia
negocios,servicios,deportes
leyendas,biografía,marketing,periodismo,infantil,policial
relatos,servicios,informática
fantasía,relatos,ciencia
ciencia,biografía,negocios,fantasía,arte
ficción,thriller
deportes,leyendas,gastronomía,ficción
fotografía,policial
filosofía,drama,terror,cultura,romance
humor,ciencia,negocios
thriller,negocios,novela,humor,informática,música
drama,historia,negocios
educación,historia,moda,marketing,ensayo
romance,relatos,juegos,periodismo,novela
música,filosofía
novela,gastronomía,policial
religión,drama,ensayo,cultura,psicología,negocios
filosofía,novela,fantasía,viajes,relatos,música
fotografía,ciencia
humor,romance,servicios,política,negocios
viajes,arte,filosofía,gastronomía,fantasía,psicología
viajes,historia,gastronomía,política,informática
periodismo,cine,historia,romance,gastronomía
romance,religión
educación,fotografía,filosofía,infantil,informática,policial
viajes,fantasía
romance,leyendas,investigación,fantasía,arte
ciencia,educación,juegos,arte,infantil
terror,biografía,política,psicología,negocios,romance
romance,viajes
leyendas,relatos,psicología
ensayo,informática,juegos,drama,policial
poesía,humor
investigación,psicología,drama
informática,investigación,arte,leyendas,historia,religión
ficción,investigación,ensayo,leyendas
música,negocios,religión,poesía,política
educación,economía,marketing
informática,ciencia,deportes
cultura,infantil,música,periodismo
educación,moda,historia,economía,leyendas
tecnología,servicios,gastronomía,viajes,economía,marketing
filosofía,cultura
marketing,música,policial,romance
drama,fotografía,thriller,moda,fantasía,leyendas
servicios,marketing,novela
religión,política,filosofía,juegos,investigación,leyendas
humor,ensayo,juegos,fotografía,drama
policial,novela
cine,drama,periodismo,historia
tecnología,thriller,policial
historia,poesía
ciencia,ficción,infantil
biografía,religión,historia,relatos,juegos,infantil
policial,terror,fotografía,música,novela,poesía
moda,religión,relatos,economía
cine,relatos,filosofía
música,humor,filosofía,investigación
juegos,filosofía,educación,marketing,policial
cine,drama
moda,ficción,filosofía,negocios
política,humor,drama
política,novela
viajes,biografía,novela,leyendas,thriller,romance
marketing,moda,juegos,política,novela
ciencia,policial,poesía
gastronomía,filosofía,relatos,viajes,fotografía
deportes,drama,fantasía,educación
thriller,viajes,educación,arte,servicios
negocios,política
arte,gastronomía
ensayo,arte,investigación,ficción,política
viajes,filosofía,marketing,deportes,educación
deportes,juegos
romance,negocios,poesía,gastronomía,religión,infantil
investigación,informática,relatos
religión,fotografía,arte,historia,terror
filosofía,cine
leyendas,novela,marketing
deportes,biografía,drama,ficción,educación,moda
negocios,poesía,novela,viajes,policial,tecnología
ciencia,terror
drama,leyendas,terror
política,juegos,poesía,servicios,tecnología,humor
música,deportes,informática,ficción,religión,infantil
economía,gastronomía,moda,ensayo
fotografía,ciencia
relatos,fotografía,investigación,psicología,novela
ensayo,marketing,psicología
música,ficción,tecnología,leyendas
arte,relatos
economía,arte
gastronomía,novela,filosofía
informática,terror,leyendas,romance,investigación
moda,leyendas
tecnología,informática,religión,humor,drama
psicología,viajes,fotografía
periodismo,historia,cultura
fotografía,fantasía,romance,leyendas
relatos,gastronomía,fantasía,deportes,romance
educación,juegos,investigación,economía
informática,infantil,leyendas
cine,investigación
investigación,relatos,arte,ensayo,juegos
ficción,psicología,música,ensayo,moda,arte
cultura,cine
historia,thriller,policial
policial,economía,viajes
thriller,arte,fotografía
negocios,relatos,música
juegos,moda,tecnología,periodismo,filosofía,ensayo
ensayo,arte
juegos,drama,servicios,poesía,negocios,infantil
deportes,investigación,tecnología,relatos,novela
investigación,infantil
investigación,psicología,novela
marketing,gastronomía,educación,política
ciencia,poesía,relatos,tecnología,música
psicología,negocios,poesía,biografía,marketing
investigación,cultura,viajes
ciencia,música,tecnología,infantil
romance,poesía,cine,tecnología,educación
tecnología,ficción
filosofía,ciencia,relatos
educación,biografía
economía,infantil,thriller
fantasía,biografía,política,policial,historia,periodismo
investigación,negocios,drama,ensayo
tecnología,economía,educación
ciencia,juegos,arte
thriller,política,romance,relatos,fantasía,religión
fotografía,ficción
novela,policial,educación
psicología,ciencia,servicios,fotografía,leyendas,terror
moda,humor
música,educación,humor,psicología
filosofía,juegos,ciencia,fantasía,leyendas,terror
ficción,filosofía,música
thriller,psicología,arte
deportes,educación,humor,periodismo,ensayo,música
terror,viajes,policial
moda,educación,juegos
arte,fantasía,ensayo
drama,fantasía,marketing,música,ciencia,thriller
fantasía,marketing,fotografía,novela
marketing,fotografía
moda,novela,drama,infantil,periodismo,poesía
filosofía,humor,poesía,infantil
ensayo,poesía,fotografía,fantasía,cultura
policial,ficción,humor,ensayo
cine,drama,biografía,filosofía
fantasía,novela,policial,historia
ficción,infantil,fotografía,política,filosofía,novela
humor,marketing,ciencia,novela,relatos,música
ciencia,policial
moda,política,informática,biografía,cultura,arte
política,infantil,educación,periodismo,moda
negocios,ciencia,juegos
gastronomía,servicios,cine,leyendas,religión
romance,filosofía,servicios,terror,leyendas
cultura,negocios,cine
viajes,economía,cine,historia,policial
moda,marketing,fotografía,novela
policial,biografía,historia
ficción,infantil
economía,filosofía,juegos,viajes,ficción
historia,romance,policial,gastronomía
thriller,historia,fantasía,marketing
novela,cine,negocios,cultura,música,educación
juegos,música,ficción
historia,leyendas,deportes,religión
tecnología,terror,periodismo,fantasía,juegos,historia
fotografía,fantasía,periodismo,relatos
policial,cultura
moda,ciencia,humor
cultura,biografía,cine,drama,historia,informática
filosofía,novela,fotografía,economía,drama
ensayo,tecnología,economía,educación,policial
relatos,arte,gastronomía,novela,leyendas
gastronomía,infantil
cultura,informática,moda,investigación
educación,terror,juegos,política
policial,negocios
música,negocios,romance
historia,servicios,drama
investigación,arte,música
investigación,filosofía,tecnología
relatos,educación,negocios,romance
humor,marketing,política
policial,informática,moda,economía
novela,religión,biografía,política,deportes
negocios,investigación,romance
servicios,economía
relatos,ensayo,economía
filosofía,ensayo,servicios
thriller,biografía,ensayo
periodismo,arte,relatos,humor,leyendas,viajes
fotografía,ficción,filosofía,thriller,drama
deportes,policial,biografía,economía,viajes
drama,fotografía,gastronomía,arte
deportes,servicios,cultura,educación
deportes,drama,religión,viajes,leyendas,psicología
informática,terror
negocios,informática,economía,leyendas,humor
thriller,infantil,relatos
periodismo,informática,marketing,educación
psicología,marketing,religión,fantasía,policial,drama
cine,ciencia,biografía,deportes
novela,ciencia,fotografía,infantil
cine,drama
religión,humor,política,drama,cultura
biografía,música
fantasía,juegos
romance,psicología,relatos
novela,servicios,policial,arte
biografía,novela,leyendas,negocios,historia,ensayo
filosofía,ciencia,informática,thriller,leyendas
periodismo,relatos,cine,fantasía,leyendas
periodismo,romance,poesía,infantil,ciencia,música
periodismo,biografía,ciencia,fotografía,informática
historia,biografía,deportes,investigación,ficción
policial,ensayo
tecnología,ensayo
negocios,informática,biografía,psicología,ficción
economía,periodismo,música,deportes,moda,filosofía
historia,viajes,religión
tecnología,romance,juegos,ficción,leyendas,terror
viajes,policial,novela,relatos,servicios
política,leyendas,arte,informática,moda
policial,deportes,leyendas,humor,infantil,fotografía
ciencia,fotografía,economía,drama
ensayo,thriller,informática
moda,juegos,cine
periodismo,leyendas,marketing,deportes,ensayo,ciencia
viajes,historia,religión
música,política,thriller,economía,gastronomía
juegos,cine,fantasía
música,thriller
investigación,fotografía,drama,policial
fotografía,tecnología
periodismo,cultura
historia,novela,ensayo,marketing
filosofía,infantil,religión,romance,policial,drama
servicios,drama,moda,viajes,informática
humor,servicios,ficción,thriller
filosofía,fantasía,ficción,poesía,infantil
negocios,romance,religión
viajes,ensayo,gastronomía,marketing,informática,política
investigación,religión,ensayo,fantasía
novela,fotografía,investigación
fotografía,romance
fotografía,psicología,terror,deportes,novela,leyendas
religión,deportes,viajes,fotografía,política
informática,relatos,juegos,terror,viajes,leyendas
psicología,poesía,leyendas,historia,religión,drama
negocios,viajes,relatos,biografía,moda
terror,servicios,deportes,marketing
economía,investigación,religión
viajes,poesía,deportes,historia,fantasía
educación,historia,música,policial,ciencia
educación,economía,tecnología
fotografía,negocios,infantil
ensayo,deportes,infantil,moda,psicología
humor,informática
psicología,informática,deportes
infantil,gastronomía
fantasía,tecnología,informática,servicios,filosofía,juegos
cultura,fantasía,arte,thriller,tecnología
ensayo,gastronomía
religión,deportes,humor,psicología
historia,economía,ciencia,cultura,filosofía
drama,terror,thriller
educación,psicología,poesía,política,terror
viajes,psicología,gastronomía,terror,investigación
terror,thriller
juegos,humor,biografía,filosofía
thriller,informática,historia,ciencia,terror,juegos
política,investigación
fantasía,cine,informática,relatos,humor,deportes
leyendas,drama,ficción,infantil,thriller,economía
religión,juegos,economía,viajes,poesía,periodismo
ensayo,infantil,thriller,fotografía
fantasía,cine,infantil,biografía,juegos
leyendas,periodismo,thriller,terror,filosofía,fotografía
educación,periodismo,ensayo
ciencia,educación,viajes,romance,relatos,política
informática,poesía,juegos,negocios,romance,arte
novela,moda
ensayo,drama,política,policial,filosofía,juegos
negocios,viajes,música,psicología
negocios,historia
música,ensayo,ciencia,cultura,economía,biografía
viajes,investigación,ensayo,economía,gastronomía,informática
tecnología,política,biografía,terror,poesía,leyendas
política,humor,informática,música,fantasía
periodismo,religión,informática,poesía,ficción
juegos,religión,leyendas,arte,música
informática,historia
psicología,thriller
periodismo,historia,novela,humor,arte,ensayo
política,servicios
cultura,infantil,política,servicios,novela
fotografía,terror
economía,romance,deportes,ensayo,viajes,negocios
biografía,leyendas,cultura,fotografía,drama,romance
educación,poesía,humor,tecnología
humor,drama,ficción
drama,tecnología,viajes
marketing,fantasía,periodismo
economía,arte,poesía
deportes,novela,educación
novela,música
policial,poesía,viajes,terror,relatos,psicología
informática,servicios,poesía,juegos,fantasía
servicios,informática,poesía,humor,psicología,filosofía
ficción,gastronomía
deportes,ensayo
economía,thriller
terror,ensayo,cine
historia,investigación,fantasía,infantil,moda
arte,biografía,política
thriller,música,ensayo,servicios,cine,marketing
fantasía,relatos
relatos,policial,tecnología,novela,romance,servicios
economía,investigación,drama,ensayo,moda
drama,romance
terror,fotografía,economía,ficción
moda,tecnología,thriller,gastronomía
servicios,romance,investigación
gastronomía,religión
terror,negocios,ficción,thriller
leyendas,moda,poesía
romance,poesía
infantil,música,juegos,marketing,leyendas
gastronomía,investigación,educación,tecnología
educación,humor,novela
servicios,educación
biografía,historia
romance,educación,psicología,política,thriller,fantasía
educación,terror
historia,arte,marketing,moda
cine,juegos
política,juegos
música,relatos,poesía,terror,economía
política,policial,infantil,terror,thriller
ciencia,arte
fotografía,economía,drama,informática
historia,infantil,viajes,fotografía
viajes,cine,música,terror,informática
fotografía,música,investigación,ciencia
economía,poesía,negocios
ficción,informática,educación
marketing,ensayo
filosofía,moda,política,servicios,tecnología
cultura,policial,música,fotografía
fotografía,filosofía,romance,periodismo,arte
negocios,romance,cine,informática,fotografía
economía,relatos
psicología,policial
ensayo,poesía,investigación,moda
romance,fantasía,relatos,tecnología
drama,música,informática,gastronomía,psicología,ficción
juegos,negocios
cine,negocios
leyendas,investigación,ensayo,ciencia,tecnología
historia,negocios,fantasía,religión,biografía
moda,marketing,historia,romance,deportes
gastronomía,investigación
tecnología,economía,política
tecnología,infantil,arte
psicología,leyendas,drama,política
novela,cine
música,filosofía,deportes,ensayo,fantasía
cine,política
humor,economía
ensayo,servicios,deportes,fantasía,música
filosofía,gastronomía
tecnología,humor,fotografía,juegos,drama
periodismo,ensayo,informática,negocios,humor,deportes
gastronomía,servicios,novela,moda,cultura
ensayo,investigación,novela
filosofía,investigación,gastronomía,drama,economía
música,investigación,filosofía,leyendas
novela,negocios,tecnología,política
humor,biografía,policial,cultura,religión,investigación
infantil,policial,cultura,arte,economía,poesía
policial,relatos,marketing,religión,fantasía,juegos
religión,investigación,historia,policial,gastronomía
novela,viajes,ficción,thriller,deportes
gastronomía,ensayo,cultura,informática
ciencia,periodismo,servicios,tecnología,psicología,informática
psicología,fantasía,fotografía,gastronomía,religión
arte,terror
viajes,fotografía,policial
deportes,moda,humor
informática,romance
relatos,marketing
investigación,deportes,leyendas,educación
infantil,deportes
arte,negocios
poesía,ficción
biografía,humor,ficción,cine
relatos,ensayo,filosofía
tecnología,moda,educación,humor,leyendas,thriller
política,tecnología,ciencia,terror,educación
historia,drama
negocios,moda,cultura,periodismo,psicología,humor
tecnología,drama,romance,relatos,economía,gastronomía
infantil,humor,terror,poesía,marketing,política
cine,fotografía,policial,biografía,poesía
religión,ciencia
gastronomía,thriller,periodismo,investigación
policial,cine
humor,tecnología
relatos,terror,biografía,religión,deportes
viajes,política,informática
humor,tecnología
economía,marketing
terror,policial,investigación,psicología
educación,ensayo
filosofía,gastronomía
novela,religión,marketing
viajes,biografía,deportes,juegos,arte
fotografía,poesía
ciencia,historia,educación,informática
psicología,biografía
periodismo,música,informática,thriller,humor,novela
ensayo,psicología,infantil,negocios,ficción
historia,religión
negocios,thriller
novela,ciencia,informática
novela,policial,gastronomía,ciencia
deportes,música
drama,ficción
tecnología,cine,ensayo
fantasía,thriller
leyendas,investigación,novela,política,historia,periodismo
thriller,psicología,moda,música,cine
juegos,servicios,ficción,poesía,negocios,moda
biografía,infantil,moda,viajes,música,romance
informática,periodismo,gastronomía,marketing,filosofía,novela
servicios,fantasía,thriller,economía,tecnología,biografía
fotografía,thriller,cultura,religión,cine,deportes
relatos,marketing,gastronomía,policial,psicología,fotografía
música,deportes,servicios
arte,cultura,fotografía
thriller,gastronomía,historia,deportes,negocios
poesía,arte,novela,ficción
historia,romance,relatos,policial,humor,servicios
marketing,leyendas,arte,ficción
fantasía,drama
moda,leyendas,cine,policial,negocios,religión
música,leyendas
deportes,economía,infantil,terror,servicios,educación
informática,romance,drama,relatos,fotografía
política,juegos,leyendas,ficción,thriller
terror,cine,servicios
deportes,juegos
infantil,juegos,historia,gastronomía,poesía,tecnología
gastronomía,música,leyendas,cultura,informática
leyendas,poesía,psicología
música,religión,educación,arte,thriller
leyendas,poesía,servicios,filosofía,informática
educación,ensayo,viajes,fantasía,cultura,poesía
ficción,gastronomía,investigación,historia,romance,informática
deportes,informática
arte,informática,poesía,thriller
religión,marketing,arte,viajes,servicios,tecnología
economía,viajes,terror,periodismo,arte
moda,filosofía,tecnología
filosofía,religión,informática,marketing
humor,informática,gastronomía
informática,biografía
viajes,servicios,drama,fantasía,política,arte
periodismo,ensayo,servicios,thriller
gastronomía,moda,tecnología
novela,negocios,infantil,leyendas,psicología,viajes
humor,fantasía
cine,deportes,humor,cultura
viajes,filosofía
arte,thriller,novela,policial
drama,filosofía,historia
leyendas,periodismo,relatos,deportes
informática,leyendas,educación,infantil,psicología,arte
tecnología,biografía,gastronomía,novela,deportes,ensayo
ficción,tecnología,gastronomía,historia,educación
juegos,novela,tecnología,filosofía,religión
fotografía,tecnología,historia,deportes
fantasía,fotografía,viajes,thriller,juegos,política
ficción,moda,cultura,fantasía,religión
negocios,servicios,religión,educación
gastronomía,leyendas,informática,juegos,historia,drama
terror,fantasía,leyendas,poesía,cultura
infantil,servicios,leyendas
romance,humor
relatos,periodismo,fantasía
economía,biografía,historia,juegos,humor
psicología,ficción,deportes,política
fantasía,arte
ensayo,novela,informática,juegos
historia,biografía,religión,periodismo
religión,fotografía,investigación,historia,terror,negocios
ensayo,economía,servicios,periodismo
gastronomía,informática
servicios,policial,thriller,ficción,juegos
deportes,gastronomía,servicios
cine,relatos,música
tecnología,moda,deportes,policial
política,relatos,terror,investigación
romance,poesía,drama,economía,marketing
religión,música,ciencia,economía,cultura,ensayo
infantil,arte,juegos,educación,cultura
informática,drama,thriller,arte
fantasía,terror,investigación
filosofía,terror,policial
thriller,relatos,ficción
música,humor,periodismo,cultura
novela,poesía,humor,romance
tecnología,investigación,deportes,leyendas,ciencia,negocios
cine,negocios
juegos,viajes,relatos,ficción,fotografía
psicología,gastronomía,tecnología,biografía
educación,cine,ciencia,terror,poesía,thriller
gastronomía,ficción,filosofía,historia,ensayo,moda
ciencia,filosofía,investigación,novela
drama,ficción
investigación,cultura,ficción,infantil
economía,biografía,investigación,infantil,ficción,drama
policial,humor,negocios,drama
thriller,terror,investigación,filosofía,romance,ensayo
política,terror,economía,relatos,periodismo
biografía,economía
música,cine
marketing,ensayo,ficción,juegos,política,filosofía
ciencia,ensayo,fotografía,gastronomía
ensayo,infantil,leyendas
deportes,ficción,negocios,arte,periodismo
ensayo,arte,relatos,historia,novela
thriller,drama,política,policial
historia,infantil,arte
política,novela,poesía,informática
novela,cine,tecnología,romance,historia
thriller,psicología,servicios,política
religión,política,viajes
negocios,romance
novela,gastronomía
filosofía,servicios,música,cultura,deportes
juegos,negocios,fotografía
música,biografía,investigación
arte,juegos,periodismo,deportes
música,fotografía,cultura
poesía,infantil,novela,psicología,thriller
economía,policial,arte
ensayo,romance
ciencia,educación,juegos,ficción,humor,negocios
gastronomía,romance,música
policial,fotografía
leyendas,novela,cultura,arte,infantil
poesía,ciencia,periodismo
economía,thriller
historia,ciencia,leyendas,psicología,biografía,arte
investigación,fantasía,arte,economía,drama,ficción
economía,gastronomía,religión,ficción
viajes,relatos,servicios
investigación,ensayo
música,humor,filosofía
deportes,investigación,música,fantasía,leyendas,religión
arte,educación,cultura,relatos,política
leyendas,drama
psicología,ficción,política
terror,moda,policial
tecnología,arte
ficción,música,fotografía
investigación,novela,cine,drama
biografía,historia,fotografía,gastronomía,informática,leyendas
relatos,ciencia,informática,viajes,ficción
educación,arte,ciencia
ensayo,periodismo,relatos,arte,economía
relatos,política,viajes,arte
novela,arte
infantil,investigación,educación,juegos,religión,drama
economía,viajes
marketing,moda
tecnología,romance,arte,viajes,fantasía
cultura,viajes,religión,deportes,negocios
tecnología,ensayo
policial,servicios,economía,música,cultura,drama
periodismo,relatos,gastronomía,fotografía
negocios,fotografía,arte,marketing
ciencia,economía
historia,religión
negocios,infantil,investigación,moda,arte,drama
poesía,fotografía,moda
drama,ensayo,juegos,política,psicología
música,biografía,gastronomía
deportes,biografía,humor,leyendas,gastronomía
deportes,fotografía,humor,marketing,ficción
leyendas,negocios,servicios,cine,romance
periodismo,política
música,thriller,ensayo
romance,relatos,moda
filosofía,cultura
romance,novela,fotografía,viajes,música,informática
psicología,terror,viajes,cultura,economía,ficción
religión,leyendas,informática,ciencia,thriller,negocios
gastronomía,ficción,informática,relatos,thriller,ensayo
novela,moda,filosofía
historia,drama,economía,fotografía,poesía
marketing,biografía,drama,educación,arte
moda,filosofía,viajes,thriller,cine
política,negocios,leyendas,ficción,ciencia,cine
romance,juegos,fotografía,cultura,ensayo,ciencia
romance,negocios,relatos,música,moda
informática,ficción,filosofía,cultura
servicios,historia,deportes
informática,deportes,fantasía,economía,cultura
investigación,relatos
fantasía,religión,fotografía,ciencia,informática
periodismo,viajes
policial,religión,thriller,infantil
poesía,cultura,filosofía,cine,negocios
drama,informática
relatos,psicología,política,ensayo
ciencia,arte,thriller,humor
cultura,filosofía,moda
investigación,marketing,historia
arte,periodismo,juegos,historia
educación,fotografía,filosofía,informática,thriller,ensayo
thriller,negocios,policial,gastronomía,fantasía
religión,cultura,infantil,cine
educación,terror,servicios,arte,tecnología,deportes
negocios,ciencia
ciencia,fantasía,terror,historia
biografía,drama,periodismo,investigación,thriller,poesía
leyendas,infantil,gastronomía,ensayo
tecnología,cine,cultura
filosofía,educación,leyendas
fantasía,novela,policial
fantasía,cine,novela,ficción
fotografía,leyendas,thriller,educación,periodismo,gastronomía
drama,tecnología,arte,filosofía,periodismo,educación
thriller,cultura,periodismo,gastronomía,moda
servicios,fotografía
infantil,romance
negocios,relatos,policial
música,economía,ciencia,tecnología
religión,romance,cultura,ciencia,política
psicología,educación,economía,ficción,historia
política,terror,ensayo,investigación,romance,ficción
gastronomía,negocios,investigación,relatos,servicios,ensayo